{
    "classification_report": {
        "advertisement": {
            "precision": 0.7333333333333333,
            "recall": 0.88,
            "f1-score": 0.8,
            "support": 50.0
        },
        "budget": {
            "precision": 0.7608695652173914,
            "recall": 0.7,
            "f1-score": 0.7291666666666666,
            "support": 50.0
        },
        "email": {
            "precision": 0.98,
            "recall": 0.98,
            "f1-score": 0.98,
            "support": 50.0
        },
        "file_folder": {
            "precision": 0.8,
            "recall": 0.88,
            "f1-score": 0.8380952380952381,
            "support": 50.0
        },
        "form": {
            "precision": 0.6792452830188679,
            "recall": 0.72,
            "f1-score": 0.6990291262135923,
            "support": 50.0
        },
        "handwritten": {
            "precision": 0.8936170212765957,
            "recall": 0.84,
            "f1-score": 0.865979381443299,
            "support": 50.0
        },
        "invoice": {
            "precision": 0.7454545454545455,
            "recall": 0.82,
            "f1-score": 0.780952380952381,
            "support": 50.0
        },
        "letter": {
            "precision": 0.9111111111111111,
            "recall": 0.82,
            "f1-score": 0.8631578947368421,
            "support": 50.0
        },
        "memo": {
            "precision": 0.9375,
            "recall": 0.9,
            "f1-score": 0.9183673469387755,
            "support": 50.0
        },
        "news_article": {
            "precision": 0.8163265306122449,
            "recall": 0.8,
            "f1-score": 0.8080808080808081,
            "support": 50.0
        },
        "presentation": {
            "precision": 0.7021276595744681,
            "recall": 0.66,
            "f1-score": 0.6804123711340206,
            "support": 50.0
        },
        "questionnaire": {
            "precision": 0.7692307692307693,
            "recall": 0.8,
            "f1-score": 0.7843137254901961,
            "support": 50.0
        },
        "resume": {
            "precision": 0.9777777777777777,
            "recall": 0.88,
            "f1-score": 0.9263157894736842,
            "support": 50.0
        },
        "scientific_publication": {
            "precision": 0.8958333333333334,
            "recall": 0.86,
            "f1-score": 0.8775510204081632,
            "support": 50.0
        },
        "scientific_report": {
            "precision": 0.7222222222222222,
            "recall": 0.78,
            "f1-score": 0.75,
            "support": 50.0
        },
        "specification": {
            "precision": 0.9130434782608695,
            "recall": 0.84,
            "f1-score": 0.875,
            "support": 50.0
        },
        "accuracy": 0.8225,
        "macro avg": {
            "precision": 0.8273557894014706,
            "recall": 0.8225,
            "f1-score": 0.8235263593521042,
            "support": 800.0
        },
        "weighted avg": {
            "precision": 0.8273557894014707,
            "recall": 0.8225,
            "f1-score": 0.8235263593521043,
            "support": 800.0
        }
    },
    "confusion_matrix": [
        [
            44,
            0,
            0,
            3,
            0,
            0,
            0,
            0,
            0,
            2,
            1,
            0,
            0,
            0,
            0,
            0
        ],
        [
            0,
            35,
            0,
            2,
            3,
            0,
            5,
            0,
            0,
            0,
            2,
            0,
            0,
            1,
            2,
            0
        ],
        [
            0,
            0,
            49,
            0,
            1,
            0,
            0,
            0,
            0,
            0,
            0,
            0,
            0,
            0,
            0,
            0
        ],
        [
            1,
            0,
            0,
            44,
            2,
            0,
            2,
            0,
            0,
            0,
            0,
            0,
            0,
            0,
            1,
            0
        ],
        [
            1,
            1,
            0,
            0,
            36,
            2,
            5,
            0,
            2,
            0,
            0,
            0,
            0,
            0,
            1,
            2
        ],
        [
            3,
            1,
            0,
            0,
            1,
            42,
            0,
            1,
            0,
            0,
            0,
            1,
            0,
            1,
            0,
            0
        ],
        [
            0,
            2,
            0,
            0,
            5,
            1,
            41,
            1,
            0,
            0,
            0,
            0,
            0,
            0,
            0,
            0
        ],
        [
            0,
            0,
            0,
            3,
            2,
            1,
            0,
            41,
            0,
            0,
            0,
            2,
            0,
            0,
            1,
            0
        ],
        [
            1,
            0,
            0,
            1,
            0,
            0,
            0,
            0,
            45,
            0,
            2,
            1,
            0,
            0,
            0,
            0
        ],
        [
            2,
            0,
            0,
            0,
            0,
            0,
            0,
            0,
            0,
            40,
            4,
            0,
            0,
            3,
            1,
            0
        ],
        [
            2,
            1,
            0,
            1,
            0,
            0,
            1,
            1,
            0,
            1,
            33,
            4,
            0,
            0,
            6,
            0
        ],
        [
            3,
            0,
            0,
            0,
            1,
            1,
            0,
            1,
            0,
            1,
            2,
            40,
            0,
            0,
            0,
            1
        ],
        [
            2,
            0,
            0,
            0,
            0,
            0,
            0,
            0,
            0,
            1,
            1,
            0,
            44,
            0,
            2,
            0
        ],
        [
            1,
            0,
            0,
            0,
            0,
            0,
            0,
            0,
            0,
            4,
            0,
            1,
            0,
            43,
            0,
            1
        ],
        [
            0,
            3,
            0,
            1,
            0,
            0,
            0,
            0,
            1,
            0,
            2,
            3,
            1,
            0,
            39,
            0
        ],
        [
            0,
            3,
            1,
            0,
            2,
            0,
            1,
            0,
            0,
            0,
            0,
            0,
            0,
            0,
            1,
            42
        ]
    ],
    "latency_ms": 10.188811421394348,
    "trainable_params": 85820944,
    "total_params": 85820944,
    "trainable_pct": 100.0
}