{
    "classification_report": {
        "advertisement": {
            "precision": 0.8269230769230769,
            "recall": 0.86,
            "f1-score": 0.8431372549019608,
            "support": 50.0
        },
        "budget": {
            "precision": 0.8205128205128205,
            "recall": 0.64,
            "f1-score": 0.7191011235955056,
            "support": 50.0
        },
        "email": {
            "precision": 0.9615384615384616,
            "recall": 1.0,
            "f1-score": 0.9803921568627451,
            "support": 50.0
        },
        "file_folder": {
            "precision": 0.8703703703703703,
            "recall": 0.94,
            "f1-score": 0.9038461538461539,
            "support": 50.0
        },
        "form": {
            "precision": 0.6363636363636364,
            "recall": 0.7,
            "f1-score": 0.6666666666666666,
            "support": 50.0
        },
        "handwritten": {
            "precision": 0.8679245283018868,
            "recall": 0.92,
            "f1-score": 0.8932038834951457,
            "support": 50.0
        },
        "invoice": {
            "precision": 0.8653846153846154,
            "recall": 0.9,
            "f1-score": 0.8823529411764706,
            "support": 50.0
        },
        "letter": {
            "precision": 0.8333333333333334,
            "recall": 0.9,
            "f1-score": 0.8653846153846154,
            "support": 50.0
        },
        "memo": {
            "precision": 0.8653846153846154,
            "recall": 0.9,
            "f1-score": 0.8823529411764706,
            "support": 50.0
        },
        "news_article": {
            "precision": 0.7551020408163265,
            "recall": 0.74,
            "f1-score": 0.7474747474747475,
            "support": 50.0
        },
        "presentation": {
            "precision": 0.7735849056603774,
            "recall": 0.82,
            "f1-score": 0.7961165048543689,
            "support": 50.0
        },
        "questionnaire": {
            "precision": 0.8260869565217391,
            "recall": 0.76,
            "f1-score": 0.7916666666666666,
            "support": 50.0
        },
        "resume": {
            "precision": 0.9069767441860465,
            "recall": 0.78,
            "f1-score": 0.8387096774193549,
            "support": 50.0
        },
        "scientific_publication": {
            "precision": 0.8863636363636364,
            "recall": 0.78,
            "f1-score": 0.8297872340425532,
            "support": 50.0
        },
        "scientific_report": {
            "precision": 0.6785714285714286,
            "recall": 0.76,
            "f1-score": 0.7169811320754716,
            "support": 50.0
        },
        "specification": {
            "precision": 0.8913043478260869,
            "recall": 0.82,
            "f1-score": 0.8541666666666666,
            "support": 50.0
        },
        "accuracy": 0.82625,
        "macro avg": {
            "precision": 0.8291078448786536,
            "recall": 0.8262499999999999,
            "f1-score": 0.8257087728940977,
            "support": 800.0
        },
        "weighted avg": {
            "precision": 0.8291078448786535,
            "recall": 0.82625,
            "f1-score": 0.8257087728940976,
            "support": 800.0
        }
    },
    "confusion_matrix": [
        [
            43,
            0,
            0,
            3,
            0,
            1,
            0,
            0,
            0,
            1,
            1,
            1,
            0,
            0,
            0,
            0
        ],
        [
            1,
            32,
            0,
            1,
            4,
            0,
            4,
            0,
            0,
            1,
            2,
            1,
            1,
            0,
            3,
            0
        ],
        [
            0,
            0,
            50,
            0,
            0,
            0,
            0,
            0,
            0,
            0,
            0,
            0,
            0,
            0,
            0,
            0
        ],
        [
            0,
            0,
            0,
            47,
            1,
            0,
            0,
            0,
            0,
            0,
            2,
            0,
            0,
            0,
            0,
            0
        ],
        [
            1,
            3,
            1,
            0,
            35,
            0,
            2,
            0,
            2,
            1,
            0,
            2,
            0,
            0,
            0,
            3
        ],
        [
            2,
            0,
            0,
            0,
            0,
            46,
            0,
            2,
            0,
            0,
            0,
            0,
            0,
            0,
            0,
            0
        ],
        [
            0,
            1,
            0,
            0,
            4,
            0,
            45,
            0,
            0,
            0,
            0,
            0,
            0,
            0,
            0,
            0
        ],
        [
            0,
            0,
            0,
            0,
            2,
            0,
            0,
            45,
            1,
            0,
            1,
            0,
            0,
            0,
            0,
            1
        ],
        [
            0,
            0,
            0,
            0,
            2,
            0,
            0,
            3,
            45,
            0,
            0,
            0,
            0,
            0,
            0,
            0
        ],
        [
            2,
            0,
            1,
            1,
            0,
            0,
            0,
            0,
            2,
            37,
            1,
            0,
            0,
            3,
            3,
            0
        ],
        [
            1,
            0,
            0,
            1,
            0,
            1,
            0,
            2,
            0,
            0,
            41,
            1,
            0,
            0,
            3,
            0
        ],
        [
            0,
            0,
            0,
            1,
            3,
            3,
            0,
            0,
            0,
            1,
            1,
            38,
            1,
            1,
            1,
            0
        ],
        [
            0,
            0,
            0,
            0,
            1,
            0,
            0,
            1,
            1,
            3,
            1,
            0,
            39,
            0,
            3,
            1
        ],
        [
            1,
            0,
            0,
            0,
            0,
            0,
            0,
            0,
            0,
            5,
            1,
            0,
            1,
            39,
            3,
            0
        ],
        [
            0,
            3,
            0,
            0,
            3,
            0,
            0,
            0,
            1,
            0,
            2,
            1,
            1,
            1,
            38,
            0
        ],
        [
            1,
            0,
            0,
            0,
            0,
            2,
            1,
            1,
            0,
            0,
            0,
            2,
            0,
            0,
            2,
            41
        ]
    ],
    "latency_ms": 17.988522350788116,
    "trainable_params": 85820944,
    "total_params": 85820944,
    "trainable_pct": 100.0
}